Cod_ibge_M,Municipio,Cod_RA,Regiao_Administrativa,Regiao_Metropolitana,Cod_ibge_2,Populacao,Porte_populacao_2020,Latitude,Longitude
3507209,Bora,692,RA de Marilia,Demais municipios,350720,812,Ate 5 mil,-22.244,-50.501
3532868,Nova Castilho,690,RA de Aracatuba,Demais municipios,353286,1.176,Ate 5 mil,-20.777,-50.345
3555901,Uru,688,RA de Bauru,Demais municipios,355590,1.207,Ate 5 mil,-21.766,-49.297
3547650,Santa Salete,689,RA de Sao Jose do Rio Preto,Demais municipios,354765,1.440,Ate 5 mil,-20.258,-50.719
3547205,Santana da Ponte Pensa,689,RA de Sao Jose do Rio Preto,Demais municipios,354720,1.509,Ate 5 mil,-20.26,-50.797
3515806,Flora Rica,691,RA de Presidente Prudente,Demais municipios,351580,1.589,Ate 5 mil,-21.698,-51.374
3515657,Fernao,692,RA de Marilia,Demais municipios,351565,1.649,Ate 5 mil,-22.365,-49.542
3554755,Trabiju,693,RA Central,Demais municipios,355475,1.703,Ate 5 mil,-22.031,-48.345
3513850,Dirce Reis,689,RA de Sao Jose do Rio Preto,Demais municipios,351385,1.717,Ate 5 mil,-20.448,-50.628
3555703,Uniao Paulista,689,RA de Sao Jose do Rio Preto,Demais municipios,355570,1.739,Ate 5 mil,-20.89,-49.887
3556958,Vitoria Brasil,689,RA de Sao Jose do Rio Preto,Demais municipios,355695,1.760,Ate 5 mil,-20.198,-50.485
3503950,Aspasia,689,RA de Sao Jose do Rio Preto,Demais municipios,350395,1.765,Ate 5 mil,-20.183,-50.728
3536570,Paulistƒnia,688,RA de Bauru,Demais municipios,353657,1.769,Ate 5 mil,-22.568,-49.305
3555307,Turmalina,689,RA de Sao Jose do Rio Preto,Demais municipios,355530,1.805,Ate 5 mil,-20.083,-50.456
3503356,Arco iris,692,RA de Marilia,Demais municipios,350335,1.816,Ate 5 mil,-21.766,-50.431
3549250,Sao Joao de Iracema,690,RA de Aracatuba,Demais municipios,354925,1.850,Ate 5 mil,-20.52,-50.356
3529658,Mesopolis,689,RA de Sao Jose do Rio Preto,Demais municipios,352965,1.893,Ate 5 mil,-19.957,-50.615
3555208,Turi£ba,690,RA de Aracatuba,Demais municipios,355520,1.912,Ate 5 mil,-20.94,-50.111
3518008,Guarani d Oeste,689,RA de Sao Jose do Rio Preto,Demais municipios,351800,1.922,Ate 5 mil,-20.066,-50.344
3532843,Nova Canaa Paulista,689,RA de Sao Jose do Rio Preto,Demais municipios,353284,1.937,Ate 5 mil,-20.371,-50.91
3549300,Sao Joao do Pau d Alho,691,RA de Presidente Prudente,Demais municipios,354930,1.985,Ate 5 mil,-21.223,-51.672
3546108,Santa Clara d Oeste,689,RA de Sao Jose do Rio Preto,Demais municipios,354610,2.006,Ate 5 mil,-20.067,-50.908
3514205,Dolcinopolis,689,RA de Sao Jose do Rio Preto,Demais municipios,351420,2.040,Ate 5 mil,-20.117,-50.528
3536257,Parisi,689,RA de Sao Jose do Rio Preto,Demais municipios,353625,2.054,Ate 5 mil,-20.271,-50.037
3529104,Marinopolis,689,RA de Sao Jose do Rio Preto,Demais municipios,352910,2.097,Ate 5 mil,-20.479,-50.832
3513306,Cruzalia,692,RA de Marilia,Demais municipios,351330,2.117,Ate 5 mil,-22.737,-50.769
3543238,Ribeirao dos indios,691,RA de Presidente Prudente,Demais municipios,354323,2.141,Ate 5 mil,-21.784,-51.583
3531001,Moncäes,689,RA de Sao Jose do Rio Preto,Demais municipios,353100,2.175,Ate 5 mil,-20.862,-50.079
3527256,Lourdes,690,RA de Aracatuba,Demais municipios,352725,2.182,Ate 5 mil,-20.948,-50.234
3533106,Nova Guataporanga,691,RA de Presidente Prudente,Demais municipios,353310,2.191,Ate 5 mil,-21.322,-51.645
3527504,Lucianopolis,688,RA de Bauru,Demais municipios,352750,2.261,Ate 5 mil,-22.473,-49.55
3554656,Torre de Pedra,685,RA de Sorocaba,Demais municipios,355465,2.320,Ate 5 mil,-23.249,-48.212
3544707,Sagres,691,RA de Presidente Prudente,Demais municipios,354470,2.362,Ate 5 mil,-21.867,-50.99
3547403,Santa Rita d Oeste,689,RA de Sao Jose do Rio Preto,Demais municipios,354740,2.404,Ate 5 mil,-20.096,-50.813
3514957,Emba£ba,694,RA de Barretos,Demais municipios,351495,2.409,Ate 5 mil,-20.952,-48.847
3536901,Pedranopolis,689,RA de Sao Jose do Rio Preto,Demais municipios,353690,2.422,Ate 5 mil,-20.209,-50.107
3549201,Sao Joao das Duas Pontes,689,RA de Sao Jose do Rio Preto,Demais municipios,354920,2.476,Ate 5 mil,-20.408,-50.383
3534500,Oscar Bressane,692,RA de Marilia,Demais municipios,353450,2.514,Ate 5 mil,-22.295,-50.257
3533809,oleo,692,RA de Marilia,Demais municipios,353380,2.527,Ate 5 mil,-22.953,-49.383
3540309,Pontes Gestal,689,RA de Sao Jose do Rio Preto,Demais municipios,354030,2.528,Ate 5 mil,-20.174,-49.757
3554607,Timburi,692,RA de Marilia,Demais municipios,355460,2.557,Ate 5 mil,-23.195,-49.61
3557154,Zacarias,689,RA de Sao Jose do Rio Preto,Demais municipios,355715,2.560,Ate 5 mil,-21.125,-50.049
3507456,Borebi,688,RA de Bauru,Demais municipios,350745,2.579,Ate 5 mil,-22.68,-48.992
3527900,Lutecia,692,RA de Marilia,Demais municipios,352790,2.621,Ate 5 mil,-22.325,-50.385
3515301,Estrela do Norte,691,RA de Presidente Prudente,Demais municipios,351530,2.665,Ate 5 mil,-22.484,-51.669
3510104,Cƒndido Rodrigues,693,RA Central,Demais municipios,351010,2.674,Ate 5 mil,-21.342,-48.628
3549003,Sao Francisco,689,RA de Sao Jose do Rio Preto,Demais municipios,354900,2.677,Ate 5 mil,-20.365,-50.675
3516507,Gabriel Monteiro,690,RA de Aracatuba,Demais municipios,351650,2.684,Ate 5 mil,-21.499,-50.564
3516101,Florinia,692,RA de Marilia,Demais municipios,351610,2.703,Ate 5 mil,-22.881,-50.695
3507753,Brejo Alegre,690,RA de Aracatuba,Demais municipios,350775,2.768,Ate 5 mil,-21.176,-50.209
3547106,Santa Mercedes,691,RA de Presidente Prudente,Demais municipios,354710,2.813,Ate 5 mil,-21.316,-51.736
3515905,Floreal,689,RA de Sao Jose do Rio Preto,Demais municipios,351590,2.856,Ate 5 mil,-20.669,-50.154
3528858,Marapoama,689,RA de Sao Jose do Rio Preto,Demais municipios,352885,2.906,Ate 5 mil,-21.254,-49.137
3540853,Pracinha,691,RA de Presidente Prudente,Demais municipios,354085,2.913,Ate 5 mil,-21.837,-51.075
3530003,Mira Estrela,689,RA de Sao Jose do Rio Preto,Demais municipios,353000,2.939,Ate 5 mil,-19.951,-50.124
3506201,Bento de Abreu,690,RA de Aracatuba,Demais municipios,350620,2.945,Ate 5 mil,-21.331,-50.861
3548302,Santo Expedito,691,RA de Presidente Prudente,Demais municipios,354830,2.972,Ate 5 mil,-21.824,-51.37
3544509,Rubineia,689,RA de Sao Jose do Rio Preto,Demais municipios,354450,2.989,Ate 5 mil,-20.253,-51.016
3537156,Pedrinhas Paulista,692,RA de Marilia,Demais municipios,353715,3.010,Ate 5 mil,-22.816,-50.802
3515129,Emilianopolis,691,RA de Presidente Prudente,Demais municipios,351512,3.068,Ate 5 mil,-21.8,-51.472
3532157,Nantes,691,RA de Presidente Prudente,Demais municipios,353215,3.071,Ate 5 mil,-22.596,-51.201
3528304,Magda,689,RA de Sao Jose do Rio Preto,Demais municipios,352830,3.088,Ate 5 mil,-20.596,-50.23
3544400,Rubiacea,690,RA de Aracatuba,Demais municipios,354440,3.106,Ate 5 mil,-21.36,-50.785
3500600,aguas de Sao Pedro,686,RA de Campinas,Demais municipios,350060,3.122,Ate 5 mil,-22.598,-47.876
3525409,Jeriquara,695,RA de Franca,Demais municipios,352540,3.141,Ate 5 mil,-20.339,-47.574
3501509,Alvinlƒndia,692,RA de Marilia,Demais municipios,350150,3.176,Ate 5 mil,-22.452,-49.758
3522158,Itaoca,696,RA de Itapeva,Demais municipios,352215,3.186,Ate 5 mil,-24.617,-48.839
3542800,Ribeira,696,RA de Itapeva,Demais municipios,354280,3.242,Ate 5 mil,-24.607,-49.036
3541802,Queiroz,692,RA de Marilia,Demais municipios,354180,3.279,Ate 5 mil,-21.8,-50.244
3551306,Sebastianopolis do Sul,689,RA de Sao Jose do Rio Preto,Demais municipios,355130,3.293,Ate 5 mil,-20.629,-49.916
3530904,Mombuca,686,RA de Campinas,Demais municipios,353090,3.332,Ate 5 mil,-22.942,-47.601
3540101,Pongai,688,RA de Bauru,Demais municipios,354010,3.351,Ate 5 mil,-21.729,-49.358
3505005,Barao de Antonina,696,RA de Itapeva,Demais municipios,350500,3.383,Ate 5 mil,-23.582,-49.572
3500204,Adolfo,689,RA de Sao Jose do Rio Preto,Demais municipios,350020,3.447,Ate 5 mil,-21.288,-49.653
3543600,Rifaina,695,RA de Franca,Demais municipios,354360,3.468,Ate 5 mil,-20.06,-47.44
3514924,Elisiario,689,RA de Sao Jose do Rio Preto,Demais municipios,351492,3.499,Ate 5 mil,-21.16,-49.091
3539707,Platina,692,RA de Marilia,Demais municipios,353970,3.501,Ate 5 mil,-22.625,-50.213
3538303,Piquerobi,691,RA de Presidente Prudente,Demais municipios,353830,3.535,Ate 5 mil,-21.852,-51.731
3528205,Maced“nia,689,RA de Sao Jose do Rio Preto,Demais municipios,352820,3.574,Ate 5 mil,-20.097,-50.181
3501202,alvares Florence,689,RA de Sao Jose do Rio Preto,Demais municipios,350120,3.621,Ate 5 mil,-20.289,-49.92
3551207,Sarutaia,696,RA de Itapeva,Demais municipios,355120,3.646,Ate 5 mil,-23.257,-49.481
3522000,Itaju,688,RA de Bauru,Demais municipios,352200,3.654,Ate 5 mil,-21.951,-48.794
3504701,Balbinos,688,RA de Bauru,Demais municipios,350470,3.704,Ate 5 mil,-21.892,-49.333
3541653,Quadra,685,RA de Sorocaba,Demais municipios,354165,3.708,Ate 5 mil,-23.3,-48.038
3533205,Nova Independˆncia,690,RA de Aracatuba,Demais municipios,353320,3.731,Ate 5 mil,-21.135,-51.505
3529609,Meridiano,689,RA de Sao Jose do Rio Preto,Demais municipios,352960,3.739,Ate 5 mil,-20.397,-50.186
3520707,Indiapora,689,RA de Sao Jose do Rio Preto,Demais municipios,352070,3.854,Ate 5 mil,-19.947,-50.263
3507159,Bom Sucesso de Itarare,696,RA de Itapeva,Demais municipios,350715,3.861,Ate 5 mil,-24.315,-49.164
3520806,In£bia Paulista,691,RA de Presidente Prudente,Demais municipios,352080,3.892,Ate 5 mil,-21.739,-50.958
3535903,Paranapua,689,RA de Sao Jose do Rio Preto,Demais municipios,353590,3.892,Ate 5 mil,-20.063,-50.594
3500808,Alfredo Marcondes,691,RA de Presidente Prudente,Demais municipios,350080,3.927,Ate 5 mil,-21.934,-51.395
3552551,Suzanapolis,690,RA de Aracatuba,Demais municipios,355255,3.947,Ate 5 mil,-20.472,-51.075
3512704,Corumbatai,686,RA de Campinas,Demais municipios,351270,3.962,Ate 5 mil,-22.236,-47.61
3502408,Anhumas,691,RA de Presidente Prudente,Demais municipios,350240,3.963,Ate 5 mil,-22.361,-51.427
3528908,Mariapolis,691,RA de Presidente Prudente,Demais municipios,352890,3.975,Ate 5 mil,-21.779,-51.171
3531605,Monte Castelo,691,RA de Presidente Prudente,Demais municipios,353160,3.991,Ate 5 mil,-21.255,-51.571
3540408,Populina,689,RA de Sao Jose do Rio Preto,Demais municipios,354040,3.995,Ate 5 mil,-19.907,-50.517
3501103,Alto Alegre,690,RA de Aracatuba,Demais municipios,350110,4.017,Ate 5 mil,-21.612,-50.192
3541109,Presidente Alves,688,RA de Bauru,Demais municipios,354110,4.020,Ate 5 mil,-22.121,-49.431
3500907,Altair,694,RA de Barretos,Demais municipios,350090,4.036,Ate 5 mil,-20.532,-49.093
3533304,Nova Luzitƒnia,690,RA de Aracatuba,Demais municipios,353330,4.044,Ate 5 mil,-20.868,-50.249
3508900,Caiabu,691,RA de Presidente Prudente,Demais municipios,350890,4.103,Ate 5 mil,-21.949,-51.223
3502606,Aparecida d Oeste,689,RA de Sao Jose do Rio Preto,Demais municipios,350260,4.132,Ate 5 mil,-20.478,-50.921
3533700,Ocaucu,692,RA de Marilia,Demais municipios,353370,4.146,Ate 5 mil,-22.437,-49.938
3522653,Itapirapua Paulista,696,RA de Itapeva,Demais municipios,352265,4.180,Ate 5 mil,-24.568,-49.222
3545506,Sandovalina,691,RA de Presidente Prudente,Demais municipios,354550,4.211,Ate 5 mil,-22.477,-51.842
3534005,Onda Verde,689,RA de Sao Jose do Rio Preto,Demais municipios,353400,4.225,Ate 5 mil,-20.617,-49.243
3532108,Murutinga do Sul,690,RA de Aracatuba,Demais municipios,353210,4.281,Ate 5 mil,-20.996,-51.301
3508207,Buritizal,695,RA de Franca,Demais municipios,350820,4.307,Ate 5 mil,-20.208,-47.692
3508306,Cabralia Paulista,688,RA de Bauru,Demais municipios,350830,4.308,Ate 5 mil,-22.489,-49.372
3546207,Santa Cruz da Conceicao,686,RA de Campinas,Demais municipios,354620,4.349,Ate 5 mil,-22.12,-47.485
3543204,Ribeirao do Sul,692,RA de Marilia,Demais municipios,354320,4.360,Ate 5 mil,-22.751,-49.922
3525607,Joao Ramalho,692,RA de Marilia,Demais municipios,352560,4.384,Ate 5 mil,-22.277,-50.799
3521200,Iporanga,696,RA de Itapeva,Demais municipios,352120,4.407,Ate 5 mil,-24.512,-48.545
3527801,Lupercio,692,RA de Marilia,Demais municipios,352780,4.421,Ate 5 mil,-22.427,-49.817
3540259,Pontalinda,689,RA de Sao Jose do Rio Preto,Demais municipios,354025,4.487,Ate 5 mil,-20.45,-50.525
3516853,Gaviao Peixoto,693,RA Central,Demais municipios,351685,4.610,Ate 5 mil,-21.791,-48.448
3532058,Motuca,693,RA Central,Demais municipios,353205,4.638,Ate 5 mil,-21.513,-48.17
3525805,J£lio Mesquita,692,RA de Marilia,Demais municipios,352580,4.640,Ate 5 mil,-21.972,-49.793
3555505,Ubirajara,688,RA de Bauru,Demais municipios,355550,4.663,Ate 5 mil,-22.544,-49.666
3543105,Ribeirao Corrente,695,RA de Franca,Demais municipios,354310,4.664,Ate 5 mil,-20.448,-47.573
3548401,Santopolis do Aguapei,690,RA de Aracatuba,Demais municipios,354840,4.668,Ate 5 mil,-21.659,-50.517
3554201,Tejupa,696,RA de Itapeva,Demais municipios,355420,4.697,Ate 5 mil,-23.342,-49.306
3530409,Mirassolƒndia,689,RA de Sao Jose do Rio Preto,Demais municipios,353040,4.702,Ate 5 mil,-20.594,-49.486
3517109,Glicerio,690,RA de Aracatuba,Demais municipios,351710,4.749,Ate 5 mil,-21.339,-50.198
3507308,Boraceia,688,RA de Bauru,Demais municipios,350730,4.759,Ate 5 mil,-22.169,-48.787
3516804,Gastao Vidigal,690,RA de Aracatuba,Demais municipios,351680,4.768,Ate 5 mil,-20.803,-50.202
3520608,Indiana,691,RA de Presidente Prudente,Demais municipios,352060,4.775,Ate 5 mil,-22.133,-51.261
3515194,Espirito Santo do Turvo,692,RA de Marilia,Demais municipios,351519,4.799,Ate 5 mil,-22.67,-49.432
3509809,Campos Novos Paulista,692,RA de Marilia,Demais municipios,350980,4.817,Ate 5 mil,-22.61,-50.01
3532207,Narandiba,691,RA de Presidente Prudente,Demais municipios,353220,4.841,Ate 5 mil,-22.563,-51.521
3512605,Coronel Macedo,696,RA de Itapeva,Demais municipios,351260,4.843,Ate 5 mil,-23.629,-49.306
3502002,Analƒndia,686,RA de Campinas,Demais municipios,350200,4.850,Ate 5 mil,-22.12,-47.677
3523008,Itapura,690,RA de Aracatuba,Demais municipios,352300,4.916,Ate 5 mil,-20.595,-51.449
3528700,Maraba Paulista,691,RA de Presidente Prudente,Demais municipios,352870,4.931,Ate 5 mil,-22.127,-52.056
3532702,Nipoa,689,RA de Sao Jose do Rio Preto,Demais municipios,353270,4.969,Ate 5 mil,-20.891,-49.778
3510153,Canitar,692,RA de Marilia,Demais municipios,351015,4.991,Ate 5 mil,-23.019,-49.792
3529500,Mendonca,689,RA de Sao Jose do Rio Preto,Demais municipios,352950,5.043,Mais de 5 mil ate 10 mil,-21.193,-49.57
3501400,alvaro de Carvalho,692,RA de Marilia,Demais municipios,350140,5.044,Mais de 5 mil ate 10 mil,-22.086,-49.733
3518909,Guzolƒndia,690,RA de Aracatuba,Demais municipios,351890,5.107,Mais de 5 mil ate 10 mil,-20.628,-50.713
3545100,Salmourao,691,RA de Presidente Prudente,Demais municipios,354510,5.117,Mais de 5 mil ate 10 mil,-21.587,-50.876
3541059,Pratƒnia,685,RA de Sorocaba,Demais municipios,354105,5.156,Mais de 5 mil ate 10 mil,-22.818,-48.696
3539608,Planalto,689,RA de Sao Jose do Rio Preto,Demais municipios,353960,5.167,Mais de 5 mil ate 10 mil,-21,-49.935
3521150,Ipigua,689,RA de Sao Jose do Rio Preto,Demais municipios,352115,5.231,Mais de 5 mil ate 10 mil,-20.65,-49.404
3504305,Avai,688,RA de Bauru,Demais municipios,350430,5.288,Mais de 5 mil ate 10 mil,-22.186,-49.316
3544608,Sabino,688,RA de Bauru,Demais municipios,354460,5.468,Mais de 5 mil ate 10 mil,-21.469,-49.577
3503000,Aramina,695,RA de Franca,Demais municipios,350300,5.496,Mais de 5 mil ate 10 mil,-20.144,-47.82
3533254,Novais,689,RA de Sao Jose do Rio Preto,Demais municipios,353325,5.509,Mais de 5 mil ate 10 mil,-20.988,-48.918
3546504,Santa Ernestina,693,RA Central,Demais municipios,354650,5.525,Mais de 5 mil ate 10 mil,-21.452,-48.366
3505351,Barra do Chapeu,696,RA de Itapeva,Demais municipios,350535,5.530,Mais de 5 mil ate 10 mil,-24.443,-49.085
3517307,Guaimbˆ,688,RA de Bauru,Demais municipios,351730,5.534,Mais de 5 mil ate 10 mil,-21.878,-49.86
3554904,Trˆs Fronteiras,689,RA de Sao Jose do Rio Preto,Demais municipios,355490,5.547,Mais de 5 mil ate 10 mil,-20.273,-50.869
3507704,Bra£na,690,RA de Aracatuba,Demais municipios,350770,5.552,Mais de 5 mil ate 10 mil,-21.552,-50.339
3515608,Fernando Prestes,693,RA Central,Demais municipios,351560,5.572,Mais de 5 mil ate 10 mil,-21.31,-48.695
3509106,Caiua,691,RA de Presidente Prudente,Demais municipios,350910,5.600,Mais de 5 mil ate 10 mil,-21.8,-51.986
3539905,Poloni,689,RA de Sao Jose do Rio Preto,Demais municipios,353990,5.667,Mais de 5 mil ate 10 mil,-20.752,-49.82
3545704,Santa Albertina,689,RA de Sao Jose do Rio Preto,Demais municipios,354570,5.672,Mais de 5 mil ate 10 mil,-20.014,-50.727
3543501,Riversul,696,RA de Itapeva,Demais municipios,354350,5.705,Mais de 5 mil ate 10 mil,-23.846,-49.447
3501806,Americo de Campos,689,RA de Sao Jose do Rio Preto,Demais municipios,350180,5.736,Mais de 5 mil ate 10 mil,-20.289,-49.768
3553856,Taquarivai,696,RA de Itapeva,Demais municipios,355385,5.746,Mais de 5 mil ate 10 mil,-23.942,-48.688
3527702,Luiziƒnia,690,RA de Aracatuba,Demais municipios,352770,5.754,Mais de 5 mil ate 10 mil,-21.672,-50.35
3509452,Campina do Monte Alegre,696,RA de Itapeva,Demais municipios,350945,5.812,Mais de 5 mil ate 10 mil,-23.606,-48.442
3548104,Santo Antonio do Jardim,686,RA de Campinas,Demais municipios,354810,5.826,Mais de 5 mil ate 10 mil,-22.13,-46.684
3537701,Piacatu,690,RA de Aracatuba,Demais municipios,353770,5.891,Mais de 5 mil ate 10 mil,-21.571,-50.643
3512506,Coroados,690,RA de Aracatuba,Demais municipios,351250,5.926,Mais de 5 mil ate 10 mil,-21.375,-50.303
3500550,aguas de Santa Barbara,685,RA de Sorocaba,Demais municipios,350055,5.931,Mais de 5 mil ate 10 mil,-22.857,-49.261
3536802,Pedra Bela,686,RA de Campinas,Demais municipios,353680,5.964,Mais de 5 mil ate 10 mil,-22.775,-46.441
3553104,Taiacu,694,RA de Barretos,Demais municipios,355310,6.037,Mais de 5 mil ate 10 mil,-21.131,-48.53
3512100,Col“mbia,694,RA de Barretos,Demais municipios,351210,6.046,Mais de 5 mil ate 10 mil,-20.266,-48.721
3544806,Sales,689,RA de Sao Jose do Rio Preto,Demais municipios,354480,6.050,Mais de 5 mil ate 10 mil,-21.346,-49.502
3552908,Taciba,691,RA de Presidente Prudente,Demais municipios,355290,6.054,Mais de 5 mil ate 10 mil,-22.504,-51.342
3555356,Ubarana,689,RA de Sao Jose do Rio Preto,Demais municipios,355535,6.066,Mais de 5 mil ate 10 mil,-21.219,-49.748
3547007,Santa Maria da Serra,686,RA de Campinas,Demais municipios,354700,6.141,Mais de 5 mil ate 10 mil,-22.564,-48.154
3503109,Arandu,696,RA de Itapeva,Demais municipios,350310,6.165,Mais de 5 mil ate 10 mil,-23.178,-49.063
3514700,Echapora,692,RA de Marilia,Demais municipios,351470,6.217,Mais de 5 mil ate 10 mil,-22.448,-50.2
3534104,Oriente,692,RA de Marilia,Demais municipios,353410,6.265,Mais de 5 mil ate 10 mil,-22.141,-50.093
3535705,Paraiso,689,RA de Sao Jose do Rio Preto,Demais municipios,353570,6.269,Mais de 5 mil ate 10 mil,-21.019,-48.764
3519204,Iacri,692,RA de Marilia,Demais municipios,351920,6.272,Mais de 5 mil ate 10 mil,-21.799,-50.619
3523701,Itirapua,695,RA de Franca,Demais municipios,352370,6.279,Mais de 5 mil ate 10 mil,-20.657,-47.169
3536109,Pardinho,685,RA de Sorocaba,Demais municipios,353610,6.392,Mais de 5 mil ate 10 mil,-23.102,-48.402
3532801,Nova Alianca,689,RA de Sao Jose do Rio Preto,Demais municipios,353280,6.450,Mais de 5 mil ate 10 mil,-21.062,-49.515
3518107,Guaranta,688,RA de Bauru,Demais municipios,351810,6.477,Mais de 5 mil ate 10 mil,-21.916,-49.588
3542008,Quintana,692,RA de Marilia,Demais municipios,354200,6.500,Mais de 5 mil ate 10 mil,-22.1,-50.369
3554953,Tuiuti,686,RA de Campinas,Demais municipios,355495,6.557,Mais de 5 mil ate 10 mil,-22.829,-46.687
3516606,Galia,692,RA de Marilia,Demais municipios,351660,6.563,Mais de 5 mil ate 10 mil,-22.32,-49.578
3502309,Anhembi,685,RA de Sorocaba,Demais municipios,350230,6.672,Mais de 5 mil ate 10 mil,-22.799,-48.174
3524204,Jaborandi,694,RA de Barretos,Demais municipios,352420,6.677,Mais de 5 mil ate 10 mil,-20.649,-48.415
3534203,Orindi£va,689,RA de Sao Jose do Rio Preto,Demais municipios,353420,6.866,Mais de 5 mil ate 10 mil,-20.201,-49.355
3519253,Iaras,685,RA de Sorocaba,Demais municipios,351925,6.894,Mais de 5 mil ate 10 mil,-22.818,-49.106
3524501,Jaci,689,RA de Sao Jose do Rio Preto,Demais municipios,352450,6.969,Mais de 5 mil ate 10 mil,-20.945,-49.581
3512902,Cosmorama,689,RA de Sao Jose do Rio Preto,Demais municipios,351290,6.997,Mais de 5 mil ate 10 mil,-20.442,-49.774
3536406,Pauliceia,691,RA de Presidente Prudente,Demais municipios,353640,7.146,Mais de 5 mil ate 10 mil,-21.198,-51.79
3542503,Reginopolis,688,RA de Bauru,Demais municipios,354250,7.215,Mais de 5 mil ate 10 mil,-21.882,-49.18
3553906,Tarabai,691,RA de Presidente Prudente,Demais municipios,355390,7.269,Mais de 5 mil ate 10 mil,-22.357,-51.625
3505104,Barbosa,690,RA de Aracatuba,Demais municipios,350510,7.284,Mais de 5 mil ate 10 mil,-21.29,-49.922
3521606,Irapuru,691,RA de Presidente Prudente,Demais municipios,352160,7.334,Mais de 5 mil ate 10 mil,-21.484,-51.346
3550506,Sao Pedro do Turvo,692,RA de Marilia,Demais municipios,355050,7.369,Mais de 5 mil ate 10 mil,-22.678,-49.772
3542701,Restinga,695,RA de Franca,Demais municipios,354270,7.493,Mais de 5 mil ate 10 mil,-20.647,-47.505
3519501,Ibirarema,692,RA de Marilia,Demais municipios,351950,7.509,Mais de 5 mil ate 10 mil,-22.813,-50.077
3543253,Ribeirao Grande,696,RA de Itapeva,Demais municipios,354325,7.510,Mais de 5 mil ate 10 mil,-24.188,-48.358
3511201,Catigua,689,RA de Sao Jose do Rio Preto,Demais municipios,351120,7.529,Mais de 5 mil ate 10 mil,-21.062,-49.052
3521101,Ipe£na,686,RA de Campinas,Demais municipios,352110,7.571,Mais de 5 mil ate 10 mil,-22.423,-47.715
3523800,Itobi,686,RA de Campinas,Demais municipios,352380,7.609,Mais de 5 mil ate 10 mil,-21.748,-46.921
3505401,Barra do Turvo,682,RA de Registro,Demais municipios,350540,7.687,Mais de 5 mil ate 10 mil,-24.888,-48.427
3552304,Sud Mennucci,690,RA de Aracatuba,Demais municipios,355230,7.713,Mais de 5 mil ate 10 mil,-20.666,-50.9
3527009,Lindoia,686,RA de Campinas,Demais municipios,352700,7.722,Mais de 5 mil ate 10 mil,-22.512,-46.654
3521507,Irapua,689,RA de Sao Jose do Rio Preto,Demais municipios,352150,7.734,Mais de 5 mil ate 10 mil,-21.267,-49.397
3531209,Monte Alegre do Sul,686,RA de Campinas,Demais municipios,353120,7.749,Mais de 5 mil ate 10 mil,-22.703,-46.667
3528106,Macaubal,689,RA de Sao Jose do Rio Preto,Demais municipios,352810,7.749,Mais de 5 mil ate 10 mil,-20.837,-49.975
3500402,aguas da Prata,686,RA de Campinas,Demais municipios,350040,7.797,Mais de 5 mil ate 10 mil,-21.913,-46.691
3506409,Bilac,690,RA de Aracatuba,Demais municipios,350640,7.816,Mais de 5 mil ate 10 mil,-21.427,-50.479
3545159,Saltinho,686,RA de Campinas,Demais municipios,354515,7.860,Mais de 5 mil ate 10 mil,-22.87,-47.731
3519907,Iepˆ,691,RA de Presidente Prudente,Demais municipios,351990,7.921,Mais de 5 mil ate 10 mil,-22.648,-51.057
3556909,Vista Alegre do Alto,694,RA de Barretos,Demais municipios,355690,8.014,Mais de 5 mil ate 10 mil,-21.176,-48.649
3519808,Icem,689,RA de Sao Jose do Rio Preto,Demais municipios,351980,8.032,Mais de 5 mil ate 10 mil,-20.366,-49.185
3515202,Estrela d Oeste,689,RA de Sao Jose do Rio Preto,Demais municipios,351520,8.094,Mais de 5 mil ate 10 mil,-20.265,-50.411
3503406,Arealva,688,RA de Bauru,Demais municipios,350340,8.196,Mais de 5 mil ate 10 mil,-22.075,-48.981
3548054,Santo Antonio do Aracangua,690,RA de Aracatuba,Demais municipios,354805,8.252,Mais de 5 mil ate 10 mil,-20.872,-50.554
3534807,Ouro Verde,691,RA de Presidente Prudente,Demais municipios,353480,8.268,Mais de 5 mil ate 10 mil,-21.51,-51.737
3511904,Clementina,690,RA de Aracatuba,Demais municipios,351190,8.324,Mais de 5 mil ate 10 mil,-21.57,-50.46
3517802,Guaracai,690,RA de Aracatuba,Demais municipios,351780,8.412,Mais de 5 mil ate 10 mil,-21.086,-51.279
3513207,Cristais Paulista,695,RA de Franca,Demais municipios,351320,8.425,Mais de 5 mil ate 10 mil,-20.37,-47.4
3537503,Pereiras,685,RA de Sorocaba,Demais municipios,353750,8.428,Mais de 5 mil ate 10 mil,-23.12,-47.978
3514304,Dourado,693,RA Central,Demais municipios,351430,8.482,Mais de 5 mil ate 10 mil,-22.116,-48.333
3526506,Lavinia,690,RA de Aracatuba,Demais municipios,352650,8.500,Mais de 5 mil ate 10 mil,-21.15,-51.032
3536604,Paulo de Faria,689,RA de Sao Jose do Rio Preto,Demais municipios,353660,8.521,Mais de 5 mil ate 10 mil,-20.066,-49.463
3504800,Balsamo,689,RA de Sao Jose do Rio Preto,Demais municipios,350480,8.524,Mais de 5 mil ate 10 mil,-20.709,-49.551
3546900,Santa Lucia,693,RA Central,Demais municipios,354690,8.562,Mais de 5 mil ate 10 mil,-21.67,-48.057
3555802,Urƒnia,689,RA de Sao Jose do Rio Preto,Demais municipios,355580,8.611,Mais de 5 mil ate 10 mil,-20.208,-50.652
3532504,Neves Paulista,689,RA de Sao Jose do Rio Preto,Demais municipios,353250,8.620,Mais de 5 mil ate 10 mil,-20.87,-49.646
3549508,Sao Jose da Bela Vista,695,RA de Franca,Demais municipios,354950,8.727,Mais de 5 mil ate 10 mil,-20.587,-47.626
3511300,Cedral,689,RA de Sao Jose do Rio Preto,Demais municipios,351130,8.836,Mais de 5 mil ate 10 mil,-20.913,-49.263
3514007,Dobrada,693,RA Central,Demais municipios,351400,8.904,Mais de 5 mil ate 10 mil,-21.515,-48.357
3542107,Rafard,686,RA de Campinas,Demais municipios,354210,8.976,Mais de 5 mil ate 10 mil,-23.045,-47.583
3545407,Salto Grande,692,RA de Marilia,Demais municipios,354540,9.095,Mais de 5 mil ate 10 mil,-22.87,-49.96
3554409,Terra Roxa,694,RA de Barretos,Demais municipios,355440,9.121,Mais de 5 mil ate 10 mil,-20.778,-48.345
3535200,Palmeira d Oeste,689,RA de Sao Jose do Rio Preto,Demais municipios,353520,9.130,Mais de 5 mil ate 10 mil,-20.438,-50.748
3519006,Herculƒndia,692,RA de Marilia,Demais municipios,351900,9.260,Mais de 5 mil ate 10 mil,-21.961,-50.373
3540507,Porangaba,685,RA de Sorocaba,Demais municipios,354050,9.310,Mais de 5 mil ate 10 mil,-23.173,-48.117
3503703,Ariranha,689,RA de Sao Jose do Rio Preto,Demais municipios,350370,9.320,Mais de 5 mil ate 10 mil,-21.185,-48.778
3528601,Manduri,685,RA de Sorocaba,Demais municipios,352860,9.525,Mais de 5 mil ate 10 mil,-23.046,-49.303
3515350,Euclides da Cunha Paulista,691,RA de Presidente Prudente,Demais municipios,351535,9.537,Mais de 5 mil ate 10 mil,-22.519,-52.589
3532827,Nova Campina,696,RA de Itapeva,Demais municipios,353282,9.675,Mais de 5 mil ate 10 mil,-24.189,-48.972
3555604,Uch“a,689,RA de Sao Jose do Rio Preto,Demais municipios,355560,9.683,Mais de 5 mil ate 10 mil,-20.936,-49.157
3554706,Torrinha,686,RA de Campinas,Demais municipios,355470,9.713,Mais de 5 mil ate 10 mil,-22.444,-48.164
3543808,Rinopolis,692,RA de Marilia,Demais municipios,354380,9.720,Mais de 5 mil ate 10 mil,-21.68,-50.717
3534757,Ouroeste,689,RA de Sao Jose do Rio Preto,Demais municipios,353475,9.777,Mais de 5 mil ate 10 mil,-19.922,-50.402
3556354,Vargem,686,RA de Campinas,Demais municipios,355635,10.000,Mais de 5 mil ate 10 mil,-22.89,-46.414
3509304,Cajobi,694,RA de Barretos,Demais municipios,350930,10.105,Mais de 10 mil ate 20 mil,-20.873,-48.838
3520426,Ilha Comprida,682,RA de Registro,Demais municipios,352042,10.296,Mais de 10 mil ate 20 mil,-24.86,-47.718
3543709,Rincao,693,RA Central,Demais municipios,354370,10.496,Mais de 10 mil ate 20 mil,-21.593,-48.032
3536000,Parapua,692,RA de Marilia,Demais municipios,353600,10.507,Mais de 10 mil ate 20 mil,-21.852,-50.821
3556602,Vera Cruz,692,RA de Marilia,Demais municipios,355660,10.524,Mais de 10 mil ate 20 mil,-22.234,-49.826
3516903,General Salgado,690,RA de Aracatuba,Demais municipios,351690,10.648,Mais de 10 mil ate 20 mil,-20.638,-50.415
3532900,Nova Europa,693,RA Central,Demais municipios,353290,10.749,Mais de 10 mil ate 20 mil,-21.773,-48.549
3532603,Nhandeara,689,RA de Sao Jose do Rio Preto,Demais municipios,353260,10.782,Mais de 10 mil ate 20 mil,-20.672,-50.046
3506300,Bernardino de Campos,692,RA de Marilia,Demais municipios,350630,10.787,Mais de 10 mil ate 20 mil,-23.03,-49.491
3539004,Pirangi,694,RA de Barretos,Demais municipios,353900,10.823,Mais de 10 mil ate 20 mil,-21.093,-48.669
3517000,Getulina,688,RA de Bauru,Demais municipios,351700,10.847,Mais de 10 mil ate 20 mil,-21.783,-50.028
3503604,Areiopolis,685,RA de Sorocaba,Demais municipios,350360,10.857,Mais de 10 mil ate 20 mil,-22.631,-48.652
3513900,Divinolƒndia,686,RA de Campinas,Demais municipios,351390,10.886,Mais de 10 mil ate 20 mil,-21.661,-46.697
3537206,Pedro de Toledo,682,RA de Registro,Demais municipios,353720,10.977,Mais de 10 mil ate 20 mil,-24.163,-47.163
3517901,Guaraci,694,RA de Barretos,Demais municipios,351790,10.978,Mais de 10 mil ate 20 mil,-20.374,-49.002
3506904,Bofete,685,RA de Sorocaba,Demais municipios,350690,11.076,Mais de 10 mil ate 20 mil,-23.128,-48.286
3557303,Estiva Gerbi,686,RA de Campinas,Demais municipios,355730,11.079,Mais de 10 mil ate 20 mil,-22.235,-46.943
3519105,Iacanga,688,RA de Bauru,Demais municipios,351910,11.306,Mais de 10 mil ate 20 mil,-21.89,-49.039
3544202,Riolƒndia,689,RA de Sao Jose do Rio Preto,Demais municipios,354420,11.431,Mais de 10 mil ate 20 mil,-20.023,-49.709
3510708,Cardoso,689,RA de Sao Jose do Rio Preto,Demais municipios,351070,11.721,Mais de 10 mil ate 20 mil,-20.066,-49.947
3552601,Tabapua,689,RA de Sao Jose do Rio Preto,Demais municipios,355260,11.892,Mais de 10 mil ate 20 mil,-20.931,-49.028
3550803,Sao Sebastiao da Grama,686,RA de Campinas,Demais municipios,355080,11.936,Mais de 10 mil ate 20 mil,-21.753,-46.752
3517208,Guaicara,688,RA de Bauru,Demais municipios,351720,11.947,Mais de 10 mil ate 20 mil,-21.573,-49.764
3514502,Duartina,688,RA de Bauru,Demais municipios,351450,11.975,Mais de 10 mil ate 20 mil,-22.392,-49.413
3519402,Ibira,689,RA de Sao Jose do Rio Preto,Demais municipios,351940,12.059,Mais de 10 mil ate 20 mil,-21.073,-49.22
3504404,Avanhandava,690,RA de Aracatuba,Demais municipios,350440,12.114,Mais de 10 mil ate 20 mil,-21.46,-49.947
3516002,Florida Paulista,691,RA de Presidente Prudente,Demais municipios,351600,12.120,Mais de 10 mil ate 20 mil,-21.54,-51.17
3506805,Bocaina,688,RA de Bauru,Demais municipios,350680,12.135,Mais de 10 mil ate 20 mil,-22.104,-48.529
3535002,Palestina,689,RA de Sao Jose do Rio Preto,Demais municipios,353500,12.160,Mais de 10 mil ate 20 mil,-20.321,-49.497
3557204,Chavantes,692,RA de Marilia,Demais municipios,355720,12.223,Mais de 10 mil ate 20 mil,-23.046,-49.726
3509908,Cananeia,682,RA de Registro,Demais municipios,350990,12.341,Mais de 10 mil ate 20 mil,-25.018,-48.007
3529807,Mineiros do Tietˆ,688,RA de Bauru,Demais municipios,352980,12.597,Mais de 10 mil ate 20 mil,-22.463,-48.433
3553609,Tapiratiba,686,RA de Campinas,Demais municipios,355360,12.610,Mais de 10 mil ate 20 mil,-21.45,-46.742
3551801,Sete Barras,682,RA de Registro,Demais municipios,355180,12.628,Mais de 10 mil ate 20 mil,-24.273,-47.933
3525508,Joanopolis,686,RA de Campinas,Demais municipios,352550,12.666,Mais de 10 mil ate 20 mil,-22.938,-46.209
3556107,Valentim Gentil,689,RA de Sao Jose do Rio Preto,Demais municipios,355610,12.770,Mais de 10 mil ate 20 mil,-20.42,-50.101
3542909,Ribeirao Bonito,693,RA Central,Demais municipios,354290,12.959,Mais de 10 mil ate 20 mil,-22.059,-48.185
3535101,Palmares Paulista,689,RA de Sao Jose do Rio Preto,Demais municipios,353510,12.997,Mais de 10 mil ate 20 mil,-21.104,-48.826
3534906,Pacaembu,691,RA de Presidente Prudente,Demais municipios,353490,13.056,Mais de 10 mil ate 20 mil,-21.495,-51.274
3556008,Urupˆs,689,RA de Sao Jose do Rio Preto,Demais municipios,355600,13.164,Mais de 10 mil ate 20 mil,-21.204,-49.264
3539400,Piratininga,688,RA de Bauru,Demais municipios,353940,13.213,Mais de 10 mil ate 20 mil,-22.425,-49.192
3553005,Taguai,696,RA de Itapeva,Demais municipios,355300,13.319,Mais de 10 mil ate 20 mil,-23.474,-49.397
3528809,Maracai,692,RA de Marilia,Demais municipios,352880,13.521,Mais de 10 mil ate 20 mil,-22.652,-50.745
3541208,Presidente Bernardes,691,RA de Presidente Prudente,Demais municipios,354120,13.720,Mais de 10 mil ate 20 mil,-22.107,-51.62
3522901,Itapui,688,RA de Bauru,Demais municipios,352290,13.779,Mais de 10 mil ate 20 mil,-22.25,-48.701
3541703,Quata,692,RA de Marilia,Demais municipios,354170,13.935,Mais de 10 mil ate 20 mil,-22.206,-50.645
3536307,Patrocinio Paulista,695,RA de Franca,Demais municipios,353630,14.463,Mais de 10 mil ate 20 mil,-20.703,-47.289
3504206,Auriflama,690,RA de Aracatuba,Demais municipios,350420,14.471,Mais de 10 mil ate 20 mil,-20.643,-50.579
3520905,Ipaussu,692,RA de Marilia,Demais municipios,352090,14.506,Mais de 10 mil ate 20 mil,-23.065,-49.607
3506706,Boa Esperanca do Sul,693,RA Central,Demais municipios,350670,14.582,Mais de 10 mil ate 20 mil,-21.934,-48.463
3521903,Itajobi,689,RA de Sao Jose do Rio Preto,Demais municipios,352190,14.614,Mais de 10 mil ate 20 mil,-21.355,-49.053
3522802,Itaporanga,696,RA de Itapeva,Demais municipios,352280,14.688,Mais de 10 mil ate 20 mil,-23.672,-49.458
3538204,Pinhalzinho,686,RA de Campinas,Demais municipios,353820,14.755,Mais de 10 mil ate 20 mil,-22.778,-46.573
3553955,Taruma,692,RA de Marilia,Demais municipios,355395,14.806,Mais de 10 mil ate 20 mil,-22.763,-50.601
3555109,Tupi Paulista,691,RA de Presidente Prudente,Demais municipios,355510,14.878,Mais de 10 mil ate 20 mil,-21.39,-51.587
3545605,Santa Adelia,689,RA de Sao Jose do Rio Preto,Demais municipios,354560,14.892,Mais de 10 mil ate 20 mil,-21.317,-48.818
3535408,Panorama,691,RA de Presidente Prudente,Demais municipios,353540,15.199,Mais de 10 mil ate 20 mil,-21.462,-51.856
3514809,Eldorado,682,RA de Registro,Demais municipios,351480,15.236,Mais de 10 mil ate 20 mil,-24.494,-48.232
3507407,Borborema,693,RA Central,Demais municipios,350740,15.323,Mais de 10 mil ate 20 mil,-21.61,-49.072
3515400,Fartura,696,RA de Itapeva,Demais municipios,351540,15.644,Mais de 10 mil ate 20 mil,-23.389,-49.519
3518503,Guarei,685,RA de Sorocaba,Demais municipios,351850,15.750,Mais de 10 mil ate 20 mil,-23.37,-48.219
3521309,Ipua,695,RA de Franca,Demais municipios,352130,15.861,Mais de 10 mil ate 20 mil,-20.417,-48.066
3552700,Tabatinga,693,RA Central,Demais municipios,355270,15.897,Mais de 10 mil ate 20 mil,-21.712,-48.629
3538105,Pindorama,689,RA de Sao Jose do Rio Preto,Demais municipios,353810,16.255,Mais de 10 mil ate 20 mil,-21.209,-48.911
3537008,Pedregulho,695,RA de Franca,Demais municipios,353700,16.279,Mais de 10 mil ate 20 mil,-20.205,-47.439
3504602,Bady Bassitt,689,RA de Sao Jose do Rio Preto,Demais municipios,350460,16.329,Mais de 10 mil ate 20 mil,-20.931,-49.437
3508108,Buritama,690,RA de Aracatuba,Demais municipios,350810,16.596,Mais de 10 mil ate 20 mil,-21.048,-50.2
3540804,Potirendaba,689,RA de Sao Jose do Rio Preto,Demais municipios,354080,16.605,Mais de 10 mil ate 20 mil,-21.075,-49.391
3528007,Macatuba,688,RA de Bauru,Demais municipios,352800,16.932,Mais de 10 mil ate 20 mil,-22.486,-48.718
3511706,Charqueada,686,RA de Campinas,Demais municipios,351170,16.933,Mais de 10 mil ate 20 mil,-22.529,-47.746
3551900,Severinia,694,RA de Barretos,Demais municipios,355190,17.126,Mais de 10 mil ate 20 mil,-20.792,-48.793
3512308,Conchas,685,RA de Sorocaba,Demais municipios,351230,17.134,Mais de 10 mil ate 20 mil,-22.965,-48.047
3523602,Itirapina,686,RA de Campinas,Demais municipios,352360,17.162,Mais de 10 mil ate 20 mil,-22.294,-47.833
3524600,Jacupiranga,682,RA de Registro,Demais municipios,352460,17.222,Mais de 10 mil ate 20 mil,-24.777,-48.053
3508801,Cafelƒndia,688,RA de Bauru,Demais municipios,350880,17.244,Mais de 10 mil ate 20 mil,-21.73,-49.548
3523305,Itariri,682,RA de Registro,Demais municipios,352330,17.274,Mais de 10 mil ate 20 mil,-24.292,-47.127
3514908,Elias Fausto,686,RA de Campinas,Demais municipios,351490,17.346,Mais de 10 mil ate 20 mil,-23.07,-47.37
3512001,Colina,694,RA de Barretos,Demais municipios,351200,17.603,Mais de 10 mil ate 20 mil,-20.745,-48.588
3521705,Itabera,696,RA de Itapeva,Demais municipios,352170,17.614,Mais de 10 mil ate 20 mil,-23.871,-49.142
3543006,Ribeirao Branco,696,RA de Itapeva,Demais municipios,354300,17.685,Mais de 10 mil ate 20 mil,-24.255,-48.778
3530201,Mirante do Paranapanema,691,RA de Presidente Prudente,Demais municipios,353020,17.769,Mais de 10 mil ate 20 mil,-22.349,-51.998
3517604,Guapiara,696,RA de Itapeva,Demais municipios,351760,17.775,Mais de 10 mil ate 20 mil,-24.212,-48.555
3531506,Monte Azul Paulista,694,RA de Barretos,Demais municipios,353150,18.191,Mais de 10 mil ate 20 mil,-20.908,-48.681
3556800,Viradouro,694,RA de Barretos,Demais municipios,355680,18.347,Mais de 10 mil ate 20 mil,-20.884,-48.309
3500501,aguas de Lindoia,686,RA de Campinas,Demais municipios,350050,18.374,Mais de 10 mil ate 20 mil,-22.474,-46.603
3544251,Rosana,691,RA de Presidente Prudente,Demais municipios,354425,18.387,Mais de 10 mil ate 20 mil,-22.488,-52.834
3532405,Nazare Paulista,686,RA de Campinas,Demais municipios,353240,18.445,Mais de 10 mil ate 20 mil,-23.191,-46.366
3526100,Juquia,682,RA de Registro,Demais municipios,352610,18.828,Mais de 10 mil ate 20 mil,-24.213,-47.652
3508702,Caconde,686,RA de Campinas,Demais municipios,350870,18.854,Mais de 10 mil ate 20 mil,-21.539,-46.617
3511409,Cerqueira Cesar,685,RA de Sorocaba,Demais municipios,351140,19.213,Mais de 10 mil ate 20 mil,-23.059,-49.143
3536208,Pariquera-Acu,682,RA de Registro,Demais municipios,353620,19.251,Mais de 10 mil ate 20 mil,-24.677,-47.849
3542404,Regente Feijo,691,RA de Presidente Prudente,Demais municipios,354240,19.491,Mais de 10 mil ate 20 mil,-22.251,-51.294
3508009,Buri,696,RA de Itapeva,Demais municipios,350800,19.678,Mais de 10 mil ate 20 mil,-23.751,-48.575
3529906,Miracatu,682,RA de Registro,Demais municipios,352990,19.934,Mais de 10 mil ate 20 mil,-24.194,-47.394
3535804,Paranapanema,696,RA de Itapeva,Demais municipios,353580,19.962,Mais de 10 mil ate 20 mil,-23.438,-48.795
3526001,Junqueiropolis,691,RA de Presidente Prudente,Demais municipios,352600,20.065,Mais de 20 mil ate 50 mil,-21.448,-51.435
3547700,Santo Anastacio,691,RA de Presidente Prudente,Demais municipios,354770,20.127,Mais de 20 mil ate 50 mil,-22.037,-51.722
3505807,Bastos,692,RA de Marilia,Demais municipios,350580,20.301,Mais de 20 mil ate 50 mil,-21.95,-50.744
3523503,Itatinga,685,RA de Sorocaba,Demais municipios,352350,20.550,Mais de 20 mil ate 50 mil,-23.153,-48.629
3511003,Castilho,690,RA de Aracatuba,Demais municipios,351100,20.728,Mais de 20 mil ate 50 mil,-20.898,-51.57
3517703,Guara,695,RA de Franca,Demais municipios,351770,20.824,Mais de 20 mil ate 50 mil,-20.482,-47.774
3517505,Guapiacu,689,RA de Sao Jose do Rio Preto,Demais municipios,351750,20.848,Mais de 20 mil ate 50 mil,-20.742,-49.189
3533007,Nova Granada,689,RA de Sao Jose do Rio Preto,Demais municipios,353300,20.918,Mais de 20 mil ate 50 mil,-20.475,-49.331
3527405,Lucelia,691,RA de Presidente Prudente,Demais municipios,352740,21.019,Mais de 20 mil ate 50 mil,-21.643,-50.991
3540002,Pompeia,692,RA de Marilia,Demais municipios,354000,21.282,Mais de 20 mil ate 50 mil,-22.029,-50.187
3529708,Miguelopolis,695,RA de Franca,Demais municipios,352970,21.424,Mais de 20 mil ate 50 mil,-20.184,-48.105
3535309,Palmital,692,RA de Marilia,Demais municipios,353530,21.599,Mais de 20 mil ate 50 mil,-22.828,-50.22
3554300,Teodoro Sampaio,691,RA de Presidente Prudente,Demais municipios,355430,22.414,Mais de 20 mil ate 50 mil,-22.416,-52.374
3553807,Taquarituba,696,RA de Itapeva,Demais municipios,355380,23.193,Mais de 20 mil ate 50 mil,-23.529,-49.234
3538907,Pirajui,688,RA de Bauru,Demais municipios,353890,23.259,Mais de 20 mil ate 50 mil,-21.957,-49.413
3531407,Monte Aprazivel,689,RA de Sao Jose do Rio Preto,Demais municipios,353140,23.458,Mais de 20 mil ate 50 mil,-20.737,-49.765
3521408,Iracemapolis,686,RA de Campinas,Demais municipios,352140,23.654,Mais de 20 mil ate 50 mil,-22.593,-47.523
3501301,alvares Machado,691,RA de Presidente Prudente,Demais municipios,350130,23.789,Mais de 20 mil ate 50 mil,-22.131,-51.515
3507902,Brotas,686,RA de Campinas,Demais municipios,350790,23.850,Mais de 20 mil ate 50 mil,-22.272,-48.081
3556305,Valparaiso,690,RA de Aracatuba,Demais municipios,355630,23.988,Mais de 20 mil ate 50 mil,-21.202,-50.923
3520004,Igaracu do Tietˆ,688,RA de Bauru,Demais municipios,352000,24.135,Mais de 20 mil ate 50 mil,-22.541,-48.574
3507100,Bom Jesus dos Perdäes,686,RA de Campinas,Demais municipios,350710,24.291,Mais de 20 mil ate 50 mil,-23.172,-46.479
3512407,Cordeiropolis,686,RA de Campinas,Demais municipios,351240,24.356,Mais de 20 mil ate 50 mil,-22.479,-47.414
3502200,Angatuba,696,RA de Itapeva,Demais municipios,350220,24.501,Mais de 20 mil ate 50 mil,-23.436,-48.459
3502705,Apiai,696,RA de Itapeva,Demais municipios,350270,24.666,Mais de 20 mil ate 50 mil,-24.421,-48.817
3553401,Tanabi,689,RA de Sao Jose do Rio Preto,Demais municipios,355340,25.105,Mais de 20 mil ate 50 mil,-20.531,-49.646
3537404,Pereira Barreto,690,RA de Aracatuba,Demais municipios,353740,25.391,Mais de 20 mil ate 50 mil,-20.677,-51.105
3529203,Martinopolis,691,RA de Presidente Prudente,Demais municipios,352920,25.668,Mais de 20 mil ate 50 mil,-22.171,-51.123
3520442,Ilha Solteira,690,RA de Aracatuba,Demais municipios,352044,25.748,Mais de 20 mil ate 50 mil,-20.431,-51.258
3546702,Santa Gertrudes,686,RA de Campinas,Demais municipios,354670,26.189,Mais de 20 mil ate 50 mil,-22.474,-47.521
3538600,Piracaia,686,RA de Campinas,Demais municipios,353860,26.287,Mais de 20 mil ate 50 mil,-23.046,-46.302
3521804,Itai,696,RA de Itapeva,Demais municipios,352180,26.507,Mais de 20 mil ate 50 mil,-23.472,-49.053
3514106,Dois Corregos,688,RA de Bauru,Demais municipios,351410,26.972,Mais de 20 mil ate 50 mil,-22.395,-48.34
3539202,Pirapozinho,691,RA de Presidente Prudente,Demais municipios,353920,27.213,Mais de 20 mil ate 50 mil,-22.479,-51.62
3512209,Conchal,686,RA de Campinas,Demais municipios,351220,27.284,Mais de 20 mil ate 50 mil,-22.368,-47.141
3551603,Serra Negra,686,RA de Campinas,Demais municipios,355160,27.440,Mais de 20 mil ate 50 mil,-22.588,-46.686
3526407,Laranjal Paulista,685,RA de Sorocaba,Demais municipios,352640,27.834,Mais de 20 mil ate 50 mil,-23.011,-47.865
3538808,Piraju,696,RA de Itapeva,Demais municipios,353880,28.574,Mais de 20 mil ate 50 mil,-23.186,-49.366
3530102,Mirandopolis,690,RA de Aracatuba,Demais municipios,353010,28.646,Mais de 20 mil ate 50 mil,-21.08,-51.13
3542206,Rancharia,691,RA de Presidente Prudente,Demais municipios,354220,28.847,Mais de 20 mil ate 50 mil,-22.282,-50.928
3509254,Cajati,682,RA de Registro,Demais municipios,350925,28.992,Mais de 20 mil ate 50 mil,-24.772,-48.195
3520103,Igarapava,695,RA de Franca,Demais municipios,352010,29.456,Mais de 20 mil ate 50 mil,-20.063,-47.682
3510807,Casa Branca,686,RA de Campinas,Demais municipios,351080,29.462,Mais de 20 mil ate 50 mil,-21.8,-47.087
3520301,Iguape,682,RA de Registro,Demais municipios,352030,29.465,Mais de 20 mil ate 50 mil,-24.549,-47.474
3525201,Jarinu,686,RA de Campinas,Demais municipios,352520,29.820,Mais de 20 mil ate 50 mil,-23.111,-46.721
3510005,Cƒndido Mota,692,RA de Marilia,Demais municipios,351000,30.019,Mais de 20 mil ate 50 mil,-22.808,-50.421
3546603,Santa Fe do Sul,689,RA de Sao Jose do Rio Preto,Demais municipios,354660,30.804,Mais de 20 mil ate 50 mil,-20.241,-50.95
3534609,Osvaldo Cruz,691,RA de Presidente Prudente,Demais municipios,353460,31.263,Mais de 20 mil ate 50 mil,-21.732,-50.874
3518206,Guararapes,690,RA de Aracatuba,Demais municipios,351820,32.076,Mais de 20 mil ate 50 mil,-21.285,-50.695
3513702,Descalvado,693,RA Central,Demais municipios,351370,32.430,Mais de 20 mil ate 50 mil,-21.88,-47.654
3546306,Santa Cruz das Palmeiras,686,RA de Campinas,Demais municipios,354630,33.729,Mais de 20 mil ate 50 mil,-21.855,-47.25
3500105,Adamantina,691,RA de Presidente Prudente,Demais municipios,350010,33.894,Mais de 20 mil ate 50 mil,-21.576,-51.056
3505203,Bariri,688,RA de Bauru,Demais municipios,350520,33.993,Mais de 20 mil ate 50 mil,-22.066,-48.718
3550407,Sao Pedro,686,RA de Campinas,Demais municipios,355040,34.208,Mais de 20 mil ate 50 mil,-22.557,-47.924
3544004,Rio das Pedras,686,RA de Campinas,Demais municipios,354400,34.416,Mais de 20 mil ate 50 mil,-22.85,-47.598
3519303,Ibate,693,RA Central,Demais municipios,351930,34.738,Mais de 20 mil ate 50 mil,-21.95,-48.027
3505302,Barra Bonita,688,RA de Bauru,Demais municipios,350530,34.914,Mais de 20 mil ate 50 mil,-22.479,-48.541
3500303,Aguai,686,RA de Campinas,Demais municipios,350030,35.608,Mais de 20 mil ate 50 mil,-22.049,-47.04
3525706,Jose Bonifacio,689,RA de Sao Jose do Rio Preto,Demais municipios,352570,35.981,Mais de 20 mil ate 50 mil,-21.089,-49.779
3500709,Agudos,688,RA de Bauru,Demais municipios,350070,36.134,Mais de 20 mil ate 50 mil,-22.571,-49.108
3541505,Presidente Venceslau,691,RA de Presidente Prudente,Demais municipios,354150,38.005,Mais de 20 mil ate 50 mil,-21.792,-51.838
3552106,Socorro,686,RA de Campinas,Demais municipios,355210,38.783,Mais de 20 mil ate 50 mil,-22.611,-46.524
3533502,Novo Horizonte,689,RA de Sao Jose do Rio Preto,Demais municipios,353350,38.954,Mais de 20 mil ate 50 mil,-21.468,-49.283
3517406,Guaira,694,RA de Barretos,Demais municipios,351740,39.061,Mais de 20 mil ate 50 mil,-20.313,-48.364
3550100,Sao Manuel,685,RA de Sorocaba,Demais municipios,355010,39.574,Mais de 20 mil ate 50 mil,-22.681,-48.54
3541604,Promissao,688,RA de Bauru,Demais municipios,354160,39.667,Mais de 20 mil ate 50 mil,-21.524,-49.87
3501707,Americo Brasiliense,693,RA Central,Demais municipios,350170,40.243,Mais de 20 mil ate 50 mil,-21.721,-48.031
3524105,Ituverava,695,RA de Franca,Demais municipios,352410,40.246,Mais de 20 mil ate 50 mil,-20.329,-47.809
3556404,Vargem Grande do Sul,686,RA de Campinas,Demais municipios,355640,41.501,Mais de 20 mil ate 50 mil,-21.86,-46.898
3522703,Itapolis,693,RA Central,Demais municipios,352270,41.548,Mais de 20 mil ate 50 mil,-21.547,-48.815
3541307,Presidente Epitacio,691,RA de Presidente Prudente,Demais municipios,354130,42.400,Mais de 20 mil ate 50 mil,-21.91,-52.175
3516705,Garca,692,RA de Marilia,Demais municipios,351670,42.483,Mais de 20 mil ate 50 mil,-22.23,-49.689
3515186,Espirito Santo do Pinhal,686,RA de Campinas,Demais municipios,351518,42.573,Mais de 20 mil ate 50 mil,-22.192,-46.793
3535507,Paraguacu Paulista,692,RA de Marilia,Demais municipios,353550,44.180,Mais de 20 mil ate 50 mil,-22.459,-50.626
3514403,Dracena,691,RA de Presidente Prudente,Demais municipios,351440,44.995,Mais de 20 mil ate 50 mil,-21.556,-51.584
3536703,Pederneiras,688,RA de Bauru,Demais municipios,353670,45.570,Mais de 20 mil ate 50 mil,-22.3,-48.86
3546405,Santa Cruz do Rio Pardo,692,RA de Marilia,Demais municipios,354640,46.110,Mais de 20 mil ate 50 mil,-22.809,-49.568
3510203,Capao Bonito,696,RA de Itapeva,Demais municipios,351020,46.418,Mais de 20 mil ate 50 mil,-24.038,-48.289
3524808,Jales,689,RA de Sao Jose do Rio Preto,Demais municipios,352480,47.254,Mais de 20 mil ate 50 mil,-20.285,-50.554
3527306,Louveira,686,RA de Campinas,Demais municipios,352730,48.268,Mais de 20 mil ate 50 mil,-23.083,-46.937
3523206,Itarare,696,RA de Itapeva,Demais municipios,352320,49.018,Mais de 20 mil ate 50 mil,-24.079,-49.303
3508405,Cabre£va,686,RA de Campinas,Demais municipios,350840,49.430,Mais de 20 mil ate 50 mil,-23.3,-47.079
3549409,Sao Joaquim da Barra,695,RA de Franca,Demais municipios,354940,50.274,Mais de 50 mil ate 100 mil,-20.55,-47.938
3533908,Olimpia,694,RA de Barretos,Demais municipios,353390,52.516,Mais de 50 mil ate 100 mil,-20.704,-48.959
3549706,Sao Jose do Rio Pardo,686,RA de Campinas,Demais municipios,354970,53.206,Mais de 50 mil ate 100 mil,-21.603,-46.879
3540705,Porto Ferreira,693,RA Central,Demais municipios,354070,54.102,Mais de 50 mil ate 100 mil,-21.842,-47.447
3542602,Registro,682,RA de Registro,Demais municipios,354260,54.216,Mais de 50 mil ate 100 mil,-24.503,-47.82
3510401,Capivari,686,RA de Campinas,Demais municipios,351040,54.231,Mais de 50 mil ate 100 mil,-22.98,-47.477
3553708,Taquaritinga,693,RA Central,Demais municipios,355370,54.499,Mais de 50 mil ate 100 mil,-21.425,-48.537
3502101,Andradina,690,RA de Aracatuba,Demais municipios,350210,56.054,Mais de 50 mil ate 100 mil,-20.835,-51.329
3530300,Mirassol,689,RA de Sao Jose do Rio Preto,Demais municipios,353030,57.824,Mais de 50 mil ate 100 mil,-20.827,-49.504
3519600,Ibitinga,693,RA Central,Demais municipios,351960,58.501,Mais de 50 mil ate 100 mil,-21.792,-48.847
3524006,Itupeva,686,RA de Campinas,Demais municipios,352400,59.159,Mais de 50 mil ate 100 mil,-23.146,-47.068
3537305,Penapolis,690,RA de Aracatuba,Demais municipios,353730,60.774,Mais de 50 mil ate 100 mil,-21.405,-50.095
3555000,Tupa,692,RA de Marilia,Demais municipios,355500,62.843,Mais de 50 mil ate 100 mil,-21.947,-50.534
3515509,Fernandopolis,689,RA de Sao Jose do Rio Preto,Demais municipios,351550,66.112,Mais de 50 mil ate 100 mil,-20.271,-50.283
3526803,Lencois Paulista,688,RA de Bauru,Demais municipios,352680,66.343,Mais de 50 mil ate 100 mil,-22.675,-48.824
3501905,Amparo,686,RA de Campinas,Demais municipios,350190,69.639,Mais de 50 mil ate 100 mil,-22.698,-46.798
3522604,Itapira,686,RA de Campinas,Demais municipios,352260,71.500,Mais de 50 mil ate 100 mil,-22.431,-46.771
3539301,Pirassununga,686,RA de Campinas,Demais municipios,353930,73.706,Mais de 50 mil ate 100 mil,-21.995,-47.389
3506102,Bebedouro,694,RA de Barretos,Demais municipios,350610,74.155,Mais de 50 mil ate 100 mil,-20.94,-48.51
3527108,Lins,688,RA de Bauru,Demais municipios,352710,75.087,Mais de 50 mil ate 100 mil,-21.649,-49.683
3529302,Matao,693,RA Central,Demais municipios,352930,80.020,Mais de 50 mil ate 100 mil,-21.609,-48.43
3509601,Campo Limpo Paulista,686,RA de Campinas,Demais municipios,350960,82.842,Mais de 50 mil ate 100 mil,-23.218,-46.76
3549102,Sao Joao da Boa Vista,686,RA de Campinas,Demais municipios,354910,87.340,Mais de 50 mil ate 100 mil,-21.977,-46.802
3504503,Avare,685,RA de Sorocaba,Demais municipios,350450,87.538,Mais de 50 mil ate 100 mil,-23.075,-48.894
3530805,Moji Mirim,686,RA de Campinas,Demais municipios,353080,90.439,Mais de 50 mil ate 100 mil,-22.45,-46.988
3522406,Itapeva,696,RA de Itapeva,Demais municipios,352240,91.693,Mais de 50 mil ate 100 mil,-23.913,-48.871
3557105,Votuporanga,689,RA de Sao Jose do Rio Preto,Demais municipios,355710,91.760,Mais de 50 mil ate 100 mil,-20.457,-49.989
3526704,Leme,686,RA de Campinas,Demais municipios,352670,100.975,Mais de 100 mil ate 200 mil,-22.171,-47.337
3504008,Assis,692,RA de Marilia,Demais municipios,350400,101.381,Mais de 100 mil ate 200 mil,-22.601,-50.42
3534708,Ourinhos,692,RA de Marilia,Demais municipios,353470,110.489,Mais de 100 mil ate 200 mil,-22.952,-49.852
3511102,Catanduva,689,RA de Sao Jose do Rio Preto,Demais municipios,351110,117.206,Mais de 100 mil ate 200 mil,-21.133,-48.963
3505500,Barretos,694,RA de Barretos,Demais municipios,350550,118.048,Mais de 100 mil ate 200 mil,-20.513,-48.652
3556503,Varzea Paulista,686,RA de Campinas,Demais municipios,355650,120.535,Mais de 100 mil ate 200 mil,-23.219,-46.824
3506508,Birigui,690,RA de Aracatuba,Demais municipios,350650,121.329,Mais de 100 mil ate 200 mil,-21.261,-50.35
3503307,Araras,686,RA de Campinas,Demais municipios,350330,131.057,Mais de 100 mil ate 200 mil,-22.345,-47.323
3504107,Atibaia,686,RA de Campinas,Demais municipios,350410,139.606,Mais de 100 mil ate 200 mil,-23.123,-46.586
3507506,Botucatu,685,RA de Sorocaba,Demais municipios,350750,141.135,Mais de 100 mil ate 200 mil,-22.862,-48.468
3525300,Ja£,688,RA de Bauru,Demais municipios,352530,147.505,Mais de 100 mil ate 200 mil,-22.295,-48.555
3530706,Mogi Guacu,686,RA de Campinas,Demais municipios,353070,148.325,Mais de 100 mil ate 200 mil,-22.231,-47.028
3507605,Braganca Paulista,686,RA de Campinas,Demais municipios,350760,163.980,Mais de 100 mil ate 200 mil,-22.938,-46.556
3502804,Aracatuba,690,RA de Aracatuba,Demais municipios,350280,190.469,Mais de 100 mil ate 200 mil,-21.113,-50.574
3543907,Rio Claro,686,RA de Campinas,Demais municipios,354390,201.212,Mais de 200 mil ate 500 mil,-22.373,-47.579
3541406,Presidente Prudente,691,RA de Presidente Prudente,Demais municipios,354140,221.073,Mais de 200 mil ate 500 mil,-21.993,-51.343
3503208,Araraquara,693,RA Central,Demais municipios,350320,227.618,Mais de 200 mil ate 500 mil,-21.791,-48.181
3529005,Marilia,692,RA de Marilia,Demais municipios,352900,231.554,Mais de 200 mil ate 500 mil,-22.178,-49.982
3548906,Sao Carlos,693,RA Central,Demais municipios,354890,242.632,Mais de 200 mil ate 500 mil,-21.918,-47.867
3526902,Limeira,686,RA de Campinas,Demais municipios,352690,296.300,Mais de 200 mil ate 500 mil,-22.598,-47.363
3516200,Franca,695,RA de Franca,Demais municipios,351620,342.125,Mais de 200 mil ate 500 mil,-20.554,-47.381
3506003,Bauru,688,RA de Bauru,Demais municipios,350600,364.225,Mais de 200 mil ate 500 mil,-22.253,-49.126
3538709,Piracicaba,686,RA de Campinas,Demais municipios,353870,389.873,Mais de 200 mil ate 500 mil,-22.726,-47.783
3525904,Jundiai,686,RA de Campinas,Demais municipios,352590,407.016,Mais de 200 mil ate 500 mil,-23.194,-46.912
3549805,Sao Jose do Rio Preto,689,RA de Sao Jose do Rio Preto,Demais municipios,354980,447.924,Mais de 200 mil ate 500 mil,-20.797,-49.357
3546256,Santa Cruz da Esperanca,687,RA de Ribeirao Preto,RM  de Ribeirao Preto,354625,2.077,Ate 5 mil,-21.274,-47.439
3503158,Arapei,684,RA de Sao Jose dos Campos,RM  do Vale do Paraiba e Litoral Norte,350315,2.471,Ate 5 mil,-22.673,-44.438
3510906,Cassia dos Coqueiros,687,RA de Ribeirao Preto,RM  de Ribeirao Preto,351090,2.495,Ate 5 mil,-21.262,-47.143
3553658,Taquaral,687,RA de Ribeirao Preto,RM  de Ribeirao Preto,355365,2.751,Ate 5 mil,-21.068,-48.399
3525854,Jumirim,685,RA de Sorocaba,RM  de Sorocaba,352585,3.306,Ate 5 mil,-23.099,-47.788
3542305,Redencao da Serra,684,RA de Sao Jose dos Campos,RM  do Vale do Paraiba e Litoral Norte,354230,3.837,Ate 5 mil,-23.253,-45.526
3503505,Areias,684,RA de Sao Jose dos Campos,RM  do Vale do Paraiba e Litoral Norte,350350,3.843,Ate 5 mil,-22.672,-44.712
3549607,Sao Jose do Barreiro,684,RA de Sao Jose dos Campos,RM  do Vale do Paraiba e Litoral Norte,354960,4.070,Ate 5 mil,-22.748,-44.587
3531704,Monteiro Lobato,684,RA de Sao Jose dos Campos,RM  do Vale do Paraiba e Litoral Norte,353170,4.465,Ate 5 mil,-22.936,-45.804
3526308,Lagoinha,684,RA de Sao Jose dos Campos,RM  do Vale do Paraiba e Litoral Norte,352630,4.819,Ate 5 mil,-23.085,-45.206
3509957,Canas,684,RA de Sao Jose dos Campos,RM  do Vale do Paraiba e Litoral Norte,350995,5.064,Mais de 5 mil ate 10 mil,-22.73,-45.04
3500758,Alambari,685,RA de Sorocaba,RM  de Sorocaba,350075,5.779,Mais de 5 mil ate 10 mil,-23.548,-47.868
3552007,Silveiras,684,RA de Sao Jose dos Campos,RM  do Vale do Paraiba e Litoral Norte,355200,6.204,Mais de 5 mil ate 10 mil,-22.734,-44.84
3524907,Jambeiro,684,RA de Sao Jose dos Campos,RM  do Vale do Paraiba e Litoral Norte,352490,6.214,Mais de 5 mil ate 10 mil,-23.279,-45.71
3553203,Tai£va,694,RA de Barretos,RM  de Ribeirao Preto,355320,6.278,Mais de 5 mil ate 10 mil,-21.132,-48.428
3548203,Santo Antonio do Pinhal,684,RA de Sao Jose dos Campos,RM  do Vale do Paraiba e Litoral Norte,354820,6.628,Mais de 5 mil ate 10 mil,-22.831,-45.699
3547908,Santo Antonio da Alegria,687,RA de Ribeirao Preto,RM  de Ribeirao Preto,354790,6.637,Mais de 5 mil ate 10 mil,-21.092,-47.195
3532306,Natividade da Serra,684,RA de Sao Jose dos Campos,RM  do Vale do Paraiba e Litoral Norte,353230,6.698,Mais de 5 mil ate 10 mil,-23.414,-45.381
3526605,Lavrinhas,684,RA de Sao Jose dos Campos,RM  do Vale do Paraiba e Litoral Norte,352660,7.167,Mais de 5 mil ate 10 mil,-22.52,-44.888
3533601,Nuporanga,695,RA de Franca,RM  de Ribeirao Preto,353360,7.268,Mais de 5 mil ate 10 mil,-20.704,-47.728
3518859,Guatapara,687,RA de Ribeirao Preto,RM  de Ribeirao Preto,351885,7.440,Mais de 5 mil ate 10 mil,-21.453,-47.979
3553500,Tapirai,685,RA de Sorocaba,RM  de Sorocaba,355350,7.699,Mais de 5 mil ate 10 mil,-24.008,-47.618
3520202,Igarata,684,RA de Sao Jose dos Campos,RM  do Vale do Paraiba e Litoral Norte,352020,9.312,Mais de 5 mil ate 10 mil,-23.134,-46.15
3514601,Dumont,687,RA de Ribeirao Preto,RM  de Ribeirao Preto,351460,9.570,Mais de 5 mil ate 10 mil,-21.247,-47.979
3551108,Sarapui,685,RA de Sorocaba,RM  de Sorocaba,355110,10.110,Mais de 10 mil ate 20 mil,-23.663,-47.785
3548609,Sao Bento do Sapucai,684,RA de Sao Jose dos Campos,RM  do Vale do Paraiba e Litoral Norte,354860,10.530,Mais de 10 mil ate 20 mil,-22.681,-45.685
3550001,Sao Luis do Paraitinga,684,RA de Sao Jose dos Campos,RM  do Vale do Paraiba e Litoral Norte,355000,10.569,Mais de 10 mil ate 20 mil,-23.239,-45.253
3544301,Roseira,684,RA de Sao Jose dos Campos,RM  do Vale do Paraiba e Litoral Norte,354430,10.642,Mais de 10 mil ate 20 mil,-22.932,-45.302
3504909,Bananal,684,RA de Sao Jose dos Campos,RM  do Vale do Paraiba e Litoral Norte,350490,10.651,Mais de 10 mil ate 20 mil,-22.733,-44.334
3544905,Sales Oliveira,695,RA de Franca,RM  de Ribeirao Preto,354490,11.518,Mais de 10 mil ate 20 mil,-20.831,-47.854
3551405,Serra Azul,687,RA de Ribeirao Preto,RM  de Ribeirao Preto,355140,12.282,Mais de 10 mil ate 20 mil,-21.315,-47.549
3541901,Queluz,684,RA de Sao Jose dos Campos,RM  do Vale do Paraiba e Litoral Norte,354190,12.644,Mais de 10 mil ate 20 mil,-22.504,-44.785
3532009,Morungaba,686,RA de Campinas,RM  de Campinas,353200,13.247,Mais de 10 mil ate 20 mil,-22.893,-46.782
3538501,Piquete,684,RA de Sao Jose dos Campos,RM  do Vale do Paraiba e Litoral Norte,353850,13.647,Mais de 10 mil ate 20 mil,-22.59,-45.173
3527603,Luis Ant“nio,687,RA de Ribeirao Preto,RM  de Ribeirao Preto,352760,14.166,Mais de 10 mil ate 20 mil,-21.552,-47.781
3546009,Santa Branca,684,RA de Sao Jose dos Campos,RM  do Vale do Paraiba e Litoral Norte,354600,14.179,Mais de 10 mil ate 20 mil,-23.426,-45.862
3519055,Holambra,686,RA de Campinas,RM  de Campinas,351905,14.493,Mais de 10 mil ate 20 mil,-22.629,-47.064
3550902,Sao Simao,687,RA de Ribeirao Preto,RM  de Ribeirao Preto,355090,14.847,Mais de 10 mil ate 20 mil,-21.461,-47.568
3501004,Altinopolis,687,RA de Ribeirao Preto,RM  de Ribeirao Preto,350100,15.553,Mais de 10 mil ate 20 mil,-21.017,-47.386
3549953,Sao Lourenco da Serra,681,RM  de Sao Paulo,RM  de Sao Paulo,354995,15.579,Mais de 10 mil ate 20 mil,-23.852,-46.936
3545001,Salesopolis,681,RM  de Sao Paulo,RM  de Sao Paulo,354500,16.838,Mais de 10 mil ate 20 mil,-23.579,-45.842
3511607,Cesario Lange,685,RA de Sorocaba,RM  de Sorocaba,351160,17.248,Mais de 10 mil ate 20 mil,-23.216,-47.903
3501152,Aluminio,685,RA de Sorocaba,RM  de Sorocaba,350115,17.972,Mais de 10 mil ate 20 mil,-23.532,-47.281
3535606,Paraibuna,684,RA de Sao Jose dos Campos,RM  do Vale do Paraiba e Litoral Norte,353560,18.230,Mais de 10 mil ate 20 mil,-23.478,-45.641
3539103,Pirapora do Bom Jesus,681,RM  de Sao Paulo,RM  de Sao Paulo,353910,18.851,Mais de 10 mil ate 20 mil,-23.378,-46.984
3515152,Engenheiro Coelho,686,RA de Campinas,RM  de Campinas,351515,20.535,Mais de 20 mil ate 50 mil,-22.486,-47.174
3510302,Capela do Alto,685,RA de Sorocaba,RM  de Sorocaba,351030,20.542,Mais de 20 mil ate 50 mil,-23.466,-47.73
3540754,Potim,684,RA de Sao Jose dos Campos,RM  do Vale do Paraiba e Litoral Norte,354075,20.702,Mais de 20 mil ate 50 mil,-22.824,-45.303
3540903,Pradopolis,687,RA de Ribeirao Preto,RM  de Ribeirao Preto,354090,20.907,Mais de 20 mil ate 50 mil,-21.343,-48.086
3502754,Aracariguama,685,RA de Sorocaba,RM  de Sorocaba,350275,20.980,Mais de 20 mil ate 50 mil,-23.434,-47.072
3513603,Cunha,684,RA de Sao Jose dos Campos,RM  do Vale do Paraiba e Litoral Norte,351360,21.681,Mais de 20 mil ate 50 mil,-23.052,-44.941
3553302,Tamba£,686,RA de Campinas,RM  de Ribeirao Preto,355330,22.803,Mais de 20 mil ate 50 mil,-21.601,-47.238
3548005,Santo Antonio de Posse,686,RA de Campinas,RM  de Campinas,354800,22.849,Mais de 20 mil ate 50 mil,-22.602,-46.949
3507803,Brodowski,687,RA de Ribeirao Preto,RM  de Ribeirao Preto,350780,23.943,Mais de 20 mil ate 50 mil,-21.049,-47.627
3547601,Santa Rosa do Viterbo,687,RA de Ribeirao Preto,RM  de Ribeirao Preto,354760,25.604,Mais de 20 mil ate 50 mil,-21.503,-47.366
3509403,Cajuru,687,RA de Ribeirao Preto,RM  de Ribeirao Preto,350940,25.663,Mais de 20 mil ate 50 mil,-21.275,-47.31
3547502,Santa Rita do Passa Quatro,693,RA Central,RM  de Ribeirao Preto,354750,26.385,Mais de 20 mil ate 50 mil,-21.682,-47.507
3537909,Pilar do Sul,685,RA de Sorocaba,RM  de Sorocaba,353790,28.221,Mais de 20 mil ate 50 mil,-23.856,-47.728
3518305,Guararema,681,RM  de Sao Paulo,RM  de Sao Paulo,351830,29.429,Mais de 20 mil ate 50 mil,-23.427,-46.058
3526209,Juquitiba,681,RM  de Sao Paulo,RM  de Sao Paulo,352620,30.401,Mais de 20 mil ate 50 mil,-23.955,-47.024
3550209,Sao Miguel Arcanjo,685,RA de Sorocaba,RM  de Sorocaba,355020,32.000,Mais de 20 mil ate 50 mil,-23.913,-47.993
3508603,Cachoeira Paulista,684,RA de Sao Jose dos Campos,RM  do Vale do Paraiba e Litoral Norte,350860,32.231,Mais de 20 mil ate 50 mil,-22.702,-44.991
3531902,Morro Agudo,695,RA de Franca,RM  de Ribeirao Preto,353190,32.332,Mais de 20 mil ate 50 mil,-20.688,-48.153
3505609,Barrinha,687,RA de Ribeirao Preto,RM  de Ribeirao Preto,350560,32.338,Mais de 20 mil ate 50 mil,-21.231,-48.095
3506607,Biritiba Mirim,681,RM  de Sao Paulo,RM  de Sao Paulo,350660,32.338,Mais de 20 mil ate 50 mil,-23.624,-46.021
3502903,Aracoiaba da Serra,685,RA de Sorocaba,RM  de Sorocaba,350290,32.390,Mais de 20 mil ate 50 mil,-23.543,-47.651
3520400,Ilhabela,684,RA de Sao Jose dos Campos,RM  do Vale do Paraiba e Litoral Norte,352040,33.470,Mais de 20 mil ate 50 mil,-23.847,-45.323
3521002,Ipero,685,RA de Sorocaba,RM  de Sorocaba,352100,34.352,Mais de 20 mil ate 50 mil,-23.404,-47.629
3513108,Cravinhos,687,RA de Ribeirao Preto,RM  de Ribeirao Preto,351310,34.428,Mais de 20 mil ate 50 mil,-21.339,-47.744
3502507,Aparecida,684,RA de Sao Jose dos Campos,RM  do Vale do Paraiba e Litoral Norte,350250,35.709,Mais de 20 mil ate 50 mil,-22.913,-45.236
3539509,Pitangueiras,687,RA de Ribeirao Preto,RM  de Ribeirao Preto,353950,38.584,Mais de 20 mil ate 50 mil,-21.005,-48.249
3518602,Guariba,687,RA de Ribeirao Preto,RM  de Ribeirao Preto,351860,39.021,Mais de 20 mil ate 50 mil,-21.395,-48.226
3554508,Tietˆ,685,RA de Sorocaba,RM  de Sorocaba,355450,41.073,Mais de 20 mil ate 50 mil,-23.049,-47.707
3534302,Orlƒndia,695,RA de Franca,RM  de Ribeirao Preto,353430,42.266,Mais de 20 mil ate 50 mil,-20.697,-47.905
3525102,Jardinopolis,687,RA de Ribeirao Preto,RM  de Ribeirao Preto,352510,42.893,Mais de 20 mil ate 50 mil,-20.991,-47.825
3545308,Salto de Pirapora,685,RA de Sorocaba,RM  de Sorocaba,354530,44.223,Mais de 20 mil ate 50 mil,-23.652,-47.58
3551504,Serrana,687,RA de Ribeirao Preto,RM  de Ribeirao Preto,355150,44.434,Mais de 20 mil ate 50 mil,-21.216,-47.612
3554805,Tremembe,684,RA de Sao Jose dos Campos,RM  do Vale do Paraiba e Litoral Norte,355480,45.978,Mais de 20 mil ate 50 mil,-22.94,-45.603
3528403,Mairinque,685,RA de Sorocaba,RM  de Sorocaba,352840,46.323,Mais de 20 mil ate 50 mil,-23.507,-47.229
3511508,Cerquilho,685,RA de Sorocaba,RM  de Sorocaba,351150,46.411,Mais de 20 mil ate 50 mil,-23.187,-47.757
3537107,Pedreira,686,RA de Campinas,RM  de Campinas,353710,46.548,Mais de 20 mil ate 50 mil,-22.754,-46.888
3531308,Monte Alto,687,RA de Ribeirao Preto,RM  de Ribeirao Preto,353130,48.405,Mais de 20 mil ate 50 mil,-21.258,-48.533
3540200,Pontal,687,RA de Ribeirao Preto,RM  de Ribeirao Preto,354020,49.283,Mais de 20 mil ate 50 mil,-20.984,-48.064
3544103,Rio Grande da Serra,681,RM  de Sao Paulo,RM  de Sao Paulo,354410,49.816,Mais de 20 mil ate 50 mil,-23.737,-46.379
3509700,Campos do Jordao,684,RA de Sao Jose dos Campos,RM  do Vale do Paraiba e Litoral Norte,350970,50.118,Mais de 50 mil ate 100 mil,-22.701,-45.532
3540606,Porto Feliz,685,RA de Sorocaba,RM  de Sorocaba,354060,51.697,Mais de 50 mil ate 100 mil,-23.23,-47.516
3503802,Artur Nogueira,686,RA de Campinas,RM  de Campinas,350380,52.609,Mais de 50 mil ate 100 mil,-22.56,-47.131
3556453,Vargem Grande Paulista,681,RM  de Sao Paulo,RM  de Sao Paulo,355645,52.762,Mais de 50 mil ate 100 mil,-23.62,-47.014
3537800,Piedade,685,RA de Sorocaba,RM  de Sorocaba,353780,53.536,Mais de 50 mil ate 100 mil,-23.786,-47.438
3531100,Mongagua,683,RA de Santos,RM  da Baixada Santista,353110,54.610,Mais de 50 mil ate 100 mil,-24.069,-46.667
3524709,Jaguari£na,686,RA de Campinas,RM  de Campinas,352470,54.848,Mais de 50 mil ate 100 mil,-22.691,-47.012
3546801,Santa Isabel,681,RM  de Sao Paulo,RM  de Sao Paulo,354680,55.086,Mais de 50 mil ate 100 mil,-23.288,-46.242
3507001,Boituva,685,RA de Sorocaba,RM  de Sorocaba,350700,57.292,Mais de 50 mil ate 100 mil,-23.287,-47.674
3533403,Nova Odessa,686,RA de Campinas,RM  de Campinas,353340,58.039,Mais de 50 mil ate 100 mil,-22.783,-47.284
3531803,Monte Mor,686,RA de Campinas,RM  de Campinas,353180,59.614,Mais de 50 mil ate 100 mil,-22.953,-47.307
3505906,Batatais,695,RA de Franca,RM  de Ribeirao Preto,350590,60.222,Mais de 50 mil ate 100 mil,-20.867,-47.574
3506359,Bertioga,683,RA de Santos,RM  da Baixada Santista,350635,63.290,Mais de 50 mil ate 100 mil,-23.759,-46.03
3537602,Peruibe,683,RA de Santos,RM  da Baixada Santista,353760,66.201,Mais de 50 mil ate 100 mil,-24.278,-47.013
3530508,Mococa,686,RA de Campinas,RM  de Ribeirao Preto,353050,66.753,Mais de 50 mil ate 100 mil,-21.449,-47.032
3515103,Embu-Guacu,681,RM  de Sao Paulo,RM  de Sao Paulo,351510,68.053,Mais de 50 mil ate 100 mil,-23.854,-46.83
3512803,Cosmopolis,686,RA de Campinas,RM  de Campinas,351280,71.282,Mais de 50 mil ate 100 mil,-22.651,-47.185
3524303,Jaboticabal,687,RA de Ribeirao Preto,RM  de Ribeirao Preto,352430,74.221,Mais de 50 mil ate 100 mil,-21.217,-48.287
3519709,Ibi£na,685,RA de Sorocaba,RM  de Sorocaba,351970,76.430,Mais de 50 mil ate 100 mil,-23.802,-47.215
3556701,Vinhedo,686,RA de Campinas,RM  de Campinas,355670,77.521,Mais de 50 mil ate 100 mil,-23.046,-46.979
3509205,Cajamar,681,RM  de Sao Paulo,RM  de Sao Paulo,350920,77.627,Mais de 50 mil ate 100 mil,-23.351,-46.871
3513405,Cruzeiro,684,RA de Sao Jose dos Campos,RM  do Vale do Paraiba e Litoral Norte,351340,79.927,Mais de 50 mil ate 100 mil,-22.551,-45.006
3527207,Lorena,684,RA de Sao Jose dos Campos,RM  do Vale do Paraiba e Litoral Norte,352720,86.639,Mais de 50 mil ate 100 mil,-22.793,-45.059
3550704,Sao Sebastiao,684,RA de Sao Jose dos Campos,RM  do Vale do Paraiba e Litoral Norte,355070,87.135,Mais de 50 mil ate 100 mil,-23.752,-45.606
3550605,Sao Roque,685,RA de Sorocaba,RM  de Sorocaba,355060,87.435,Mais de 50 mil ate 100 mil,-23.548,-47.109
3555406,Ubatuba,684,RA de Sao Jose dos Campos,RM  do Vale do Paraiba e Litoral Norte,355540,88.916,Mais de 50 mil ate 100 mil,-23.381,-45.024
3503901,Aruja,681,RM  de Sao Paulo,RM  de Sao Paulo,350390,89.744,Mais de 50 mil ate 100 mil,-23.385,-46.319
3508504,Cacapava,684,RA de Sao Jose dos Campos,RM  do Vale do Paraiba e Litoral Norte,350850,91.217,Mais de 50 mil ate 100 mil,-23.103,-45.713
3528502,Mairipora,681,RM  de Sao Paulo,RM  de Sao Paulo,352850,98.622,Mais de 50 mil ate 100 mil,-23.317,-46.561
3522109,Itanhaem,683,RA de Santos,RM  da Baixada Santista,352210,98.757,Mais de 50 mil ate 100 mil,-24.091,-46.834
3509007,Caieiras,681,RM  de Sao Paulo,RM  de Sao Paulo,350900,100.612,Mais de 100 mil ate 200 mil,-23.375,-46.745
3536505,Paulinia,686,RA de Campinas,RM  de Campinas,353650,105.037,Mais de 100 mil ate 200 mil,-22.747,-47.144
3545209,Salto,685,RA de Sorocaba,RM  de Sorocaba,354520,115.372,Mais de 100 mil ate 200 mil,-23.18,-47.302
3539806,Poa,681,RM  de Sao Paulo,RM  de Sao Paulo,353980,115.538,Mais de 100 mil ate 200 mil,-23.53,-46.346
3510500,Caraguatatuba,684,RA de Sao Jose dos Campos,RM  do Vale do Paraiba e Litoral Norte,351050,116.106,Mais de 100 mil ate 200 mil,-23.639,-45.488
3523404,Itatiba,686,RA de Campinas,RM  de Campinas,352340,117.916,Mais de 100 mil ate 200 mil,-23.006,-46.814
3518404,Guaratingueta,684,RA de Sao Jose dos Campos,RM  do Vale do Paraiba e Litoral Norte,351840,118.345,Mais de 100 mil ate 200 mil,-22.793,-45.232
3543303,Ribeirao Pires,681,RM  de Sao Paulo,RM  de Sao Paulo,354330,118.968,Mais de 100 mil ate 200 mil,-23.701,-46.403
3557006,Votorantim,685,RA de Sorocaba,RM  de Sorocaba,355700,119.824,Mais de 100 mil ate 200 mil,-23.579,-47.406
3554003,Tatui,685,RA de Sorocaba,RM  de Sorocaba,355400,120.123,Mais de 100 mil ate 200 mil,-23.362,-47.869
3551702,Sertaozinho,687,RA de Ribeirao Preto,RM  de Ribeirao Preto,355170,122.355,Mais de 100 mil ate 200 mil,-21.122,-48.008
3525003,Jandira,681,RM  de Sao Paulo,RM  de Sao Paulo,352500,123.603,Mais de 100 mil ate 200 mil,-23.544,-46.899
3556206,Valinhos,686,RA de Campinas,RM  de Campinas,355620,124.742,Mais de 100 mil ate 200 mil,-22.975,-46.981
3513504,Cubatao,683,RA de Santos,RM  da Baixada Santista,351350,129.145,Mais de 100 mil ate 200 mil,-23.865,-46.408
3547304,Santana de Parnaiba,681,RM  de Sao Paulo,RM  de Sao Paulo,354730,138.132,Mais de 100 mil ate 200 mil,-23.449,-46.916
3548807,Sao Caetano do Sul,681,RM  de Sao Paulo,RM  de Sao Paulo,354880,151.244,Mais de 100 mil ate 200 mil,-23.625,-46.566
3516408,Franco da Rocha,681,RM  de Sao Paulo,RM  de Sao Paulo,351640,152.201,Mais de 100 mil ate 200 mil,-23.314,-46.735
3522307,Itapetininga,685,RA de Sorocaba,RM  de Sorocaba,352230,160.150,Mais de 100 mil ate 200 mil,-23.645,-48.123
3538006,Pindamonhangaba,684,RA de Sao Jose dos Campos,RM  do Vale do Paraiba e Litoral Norte,353800,163.611,Mais de 100 mil ate 200 mil,-22.879,-45.459
3522208,Itapecerica da Serra,681,RM  de Sao Paulo,RM  de Sao Paulo,352220,169.619,Mais de 100 mil ate 200 mil,-23.737,-46.858
3523909,Itu,685,RA de Sorocaba,RM  de Sorocaba,352390,169.772,Mais de 100 mil ate 200 mil,-23.306,-47.284
3516309,Francisco Morato,681,RM  de Sao Paulo,RM  de Sao Paulo,351630,174.403,Mais de 100 mil ate 200 mil,-23.273,-46.723
3545803,Santa Barbara d Oeste,686,RA de Campinas,RM  de Campinas,354580,188.745,Mais de 100 mil ate 200 mil,-22.8,-47.427
3515707,Ferraz de Vasconcelos,681,RM  de Sao Paulo,RM  de Sao Paulo,351570,193.037,Mais de 100 mil ate 200 mil,-23.561,-46.373
3524402,Jacarei,684,RA de Sao Jose dos Campos,RM  do Vale do Paraiba e Litoral Norte,352440,227.945,Mais de 200 mil ate 500 mil,-23.298,-45.99
3519071,Hortolƒndia,686,RA de Campinas,RM  de Campinas,351907,230.268,Mais de 200 mil ate 500 mil,-22.878,-47.207
3501608,Americana,686,RA de Campinas,RM  de Campinas,350160,233.458,Mais de 200 mil ate 500 mil,-22.722,-47.288
3522505,Itapevi,681,RM  de Sao Paulo,RM  de Sao Paulo,352250,237.714,Mais de 200 mil ate 500 mil,-23.55,-46.967
3520509,Indaiatuba,686,RA de Campinas,RM  de Campinas,352050,242.868,Mais de 200 mil ate 500 mil,-23.105,-47.202
3513009,Cotia,681,RM  de Sao Paulo,RM  de Sao Paulo,351300,247.424,Mais de 200 mil ate 500 mil,-23.675,-46.96
3505708,Barueri,681,RM  de Sao Paulo,RM  de Sao Paulo,350570,264.390,Mais de 200 mil ate 500 mil,-23.504,-46.878
3515004,Embu das Artes,681,RM  de Sao Paulo,RM  de Sao Paulo,351500,270.790,Mais de 200 mil ate 500 mil,-23.651,-46.851
3552403,Sumare,686,RA de Campinas,RM  de Campinas,355240,283.212,Mais de 200 mil ate 500 mil,-22.841,-47.262
3552809,Taboao da Serra,681,RM  de Sao Paulo,RM  de Sao Paulo,355280,283.871,Mais de 200 mil ate 500 mil,-23.62,-46.786
3552502,Suzano,681,RM  de Sao Paulo,RM  de Sao Paulo,355250,291.002,Mais de 200 mil ate 500 mil,-23.608,-46.31
3554102,Taubate,684,RA de Sao Jose dos Campos,RM  do Vale do Paraiba e Litoral Norte,355410,307.361,Mais de 200 mil ate 500 mil,-23.086,-45.502
3518701,Guaruja,683,RA de Santos,RM  da Baixada Santista,351870,316.405,Mais de 200 mil ate 500 mil,-23.951,-46.235
3541000,Praia Grande,683,RA de Santos,RM  da Baixada Santista,354100,316.844,Mais de 200 mil ate 500 mil,-24.015,-46.522
3551009,Sao Vicente,683,RA de Santos,RM  da Baixada Santista,355100,357.929,Mais de 200 mil ate 500 mil,-23.959,-46.487
3523107,Itaquaquecetuba,681,RM  de Sao Paulo,RM  de Sao Paulo,352310,370.589,Mais de 200 mil ate 500 mil,-23.461,-46.333
3510609,Carapicuiba,681,RM  de Sao Paulo,RM  de Sao Paulo,351060,394.598,Mais de 200 mil ate 500 mil,-23.548,-46.841
3513801,Diadema,681,RM  de Sao Paulo,RM  de Sao Paulo,351380,404.477,Mais de 200 mil ate 500 mil,-23.697,-46.611
3548500,Santos,683,RA de Santos,RM  da Baixada Santista,354850,428.703,Mais de 200 mil ate 500 mil,-23.868,-46.291
3530607,Mogi das Cruzes,681,RM  de Sao Paulo,RM  de Sao Paulo,353060,432.905,Mais de 200 mil ate 500 mil,-23.569,-46.186
3529401,Maua,681,RM  de Sao Paulo,RM  de Sao Paulo,352940,460.132,Mais de 200 mil ate 500 mil,-23.665,-46.446
3552205,Sorocaba,685,RA de Sorocaba,RM  de Sorocaba,355220,658.547,Mais de 500 mil ate 1 milhao,-23.464,-47.446
3534401,Osasco,681,RM  de Sao Paulo,RM  de Sao Paulo,353440,680.964,Mais de 500 mil ate 1 milhao,-23.528,-46.789
3543402,Ribeirao Preto,687,RA de Ribeirao Preto,RM  de Ribeirao Preto,354340,683.777,Mais de 500 mil ate 1 milhao,-21.21,-47.821
3547809,Santo Andre,681,RM  de Sao Paulo,RM  de Sao Paulo,354780,693.867,Mais de 500 mil ate 1 milhao,-23.66,-46.526
3549904,Sao Jose dos Campos,684,RA de Sao Jose dos Campos,RM  do Vale do Paraiba e Litoral Norte,354990,710.654,Mais de 500 mil ate 1 milhao,-23.09,-45.928
3548708,Sao Bernardo do Campo,681,RM  de Sao Paulo,RM  de Sao Paulo,354870,812.086,Mais de 500 mil ate 1 milhao,-23.813,-46.55
3509502,Campinas,686,RA de Campinas,RM  de Campinas,350950,1.175.501,Mais de 1 milhao,-22.883,-47.043
3518800,Guarulhos,681,RM  de Sao Paulo,RM  de Sao Paulo,351880,1.351.275,Mais de 1 milhao,-23.402,-46.454
3550308,Sao Paulo,681,RM  de Sao Paulo,RM  de Sao Paulo,355030,11.869.660,Mais de 1 milhao,-23.552,-46.635
